{
    "name": "root",
    "metadata": {
        "timer_format_version": "0.1.0",
        "start_time_seconds": "1631403161",
        "python_version": "3.9.5 (tags/v3.9.5:0a7dcbd, May  3 2021, 17:27:52) [MSC v.1928 64 bit (AMD64)]",
        "command_line_arguments": "C:\\Python39\\Scripts\\mlagents-learn --run-id=test9",
        "mlagents_version": "0.27.0",
        "mlagents_envs_version": "0.27.0",
        "communication_protocol_version": "1.5.0",
        "pytorch_version": "1.7.1+cpu",
        "numpy_version": "1.21.0",
        "end_time_seconds": "1631403231"
    },
    "total": 69.89242660000001,
    "count": 1,
    "self": 0.004429999999999268,
    "children": {
        "run_training.setup": {
            "total": 0.022214499999999915,
            "count": 1,
            "self": 0.022214499999999915
        },
        "TrainerController.start_learning": {
            "total": 69.8657821,
            "count": 1,
            "self": 0.00015120000000479195,
            "children": {
                "TrainerController._reset_env": {
                    "total": 8.1110951,
                    "count": 1,
                    "self": 8.1110951
                },
                "TrainerController.advance": {
                    "total": 61.72656860000001,
                    "count": 3,
                    "self": 3.800000001064063e-05,
                    "children": {
                        "env_step": {
                            "total": 61.7264876,
                            "count": 3,
                            "self": 61.7264531,
                            "children": {
                                "SubprocessEnvManager._take_step": {
                                    "total": 1.3700000000227419e-05,
                                    "count": 3,
                                    "self": 1.3700000000227419e-05
                                },
                                "workers": {
                                    "total": 2.079999999970994e-05,
                                    "count": 2,
                                    "self": 0.0,
                                    "children": {
                                        "worker_root": {
                                            "total": 1.7393561999999996,
                                            "count": 2,
                                            "is_parallel": true,
                                            "self": 0.02018339999999874,
                                            "children": {
                                                "steps_from_proto": {
                                                    "total": 0.00020470000000116784,
                                                    "count": 1,
                                                    "is_parallel": true,
                                                    "self": 8.370000000113009e-05,
                                                    "children": {
                                                        "_process_rank_one_or_two_observation": {
                                                            "total": 0.00012100000000003774,
                                                            "count": 2,
                                                            "is_parallel": true,
                                                            "self": 0.00012100000000003774
                                                        }
                                                    }
                                                },
                                                "UnityEnvironment.step": {
                                                    "total": 1.7189680999999997,
                                                    "count": 2,
                                                    "is_parallel": true,
                                                    "self": 0.00021309999999630236,
                                                    "children": {
                                                        "UnityEnvironment._generate_step_input": {
                                                            "total": 0.00010720000000041807,
                                                            "count": 2,
                                                            "is_parallel": true,
                                                            "self": 0.00010720000000041807
                                                        },
                                                        "communicator.exchange": {
                                                            "total": 1.7182572000000018,
                                                            "count": 2,
                                                            "is_parallel": true,
                                                            "self": 1.7182572000000018
                                                        },
                                                        "steps_from_proto": {
                                                            "total": 0.00039060000000112893,
                                                            "count": 2,
                                                            "is_parallel": true,
                                                            "self": 0.00016920000000375524,
                                                            "children": {
                                                                "_process_rank_one_or_two_observation": {
                                                                    "total": 0.0002213999999973737,
                                                                    "count": 4,
                                                                    "is_parallel": true,
                                                                    "self": 0.0002213999999973737
                                                                }
                                                            }
                                                        }
                                                    }
                                                }
                                            }
                                        }
                                    }
                                }
                            }
                        },
                        "trainer_advance": {
                            "total": 4.2999999999793204e-05,
                            "count": 2,
                            "self": 2.719999999811762e-05,
                            "children": {
                                "process_trajectory": {
                                    "total": 1.5800000001675585e-05,
                                    "count": 2,
                                    "self": 1.5800000001675585e-05
                                }
                            }
                        }
                    }
                },
                "TrainerController._save_models": {
                    "total": 0.027967199999991976,
                    "count": 1,
                    "self": 0.0013913999999886073,
                    "children": {
                        "RLTrainer._checkpoint": {
                            "total": 0.02657580000000337,
                            "count": 1,
                            "self": 0.02657580000000337
                        }
                    }
                }
            }
        }
    }
}