{
    "name": "root",
    "gauges": {
        "AgentBehavior.Policy.Entropy.mean": {
            "value": 1.4185681343078613,
            "min": 1.4185681343078613,
            "max": 1.4265313148498535,
            "count": 20
        },
        "AgentBehavior.Policy.Entropy.sum": {
            "value": 70951.1015625,
            "min": 70911.2109375,
            "max": 71695.984375,
            "count": 20
        },
        "AgentBehavior.Environment.EpisodeLength.mean": {
            "value": 17.168543407192153,
            "min": 17.168543407192153,
            "max": 320.0064102564103,
            "count": 20
        },
        "AgentBehavior.Environment.EpisodeLength.sum": {
            "value": 47265.0,
            "min": 47049.0,
            "max": 51586.0,
            "count": 20
        },
        "AgentBehavior.Policy.ExtrinsicValueEstimate.mean": {
            "value": 0.8963369727134705,
            "min": -0.9042174220085144,
            "max": 0.8963369727134705,
            "count": 20
        },
        "AgentBehavior.Policy.ExtrinsicValueEstimate.sum": {
            "value": 2468.511962890625,
            "min": -818.3167724609375,
            "max": 2468.511962890625,
            "count": 20
        },
        "AgentBehavior.Environment.CumulativeReward.mean": {
            "value": 0.9898255813953488,
            "min": -0.3645320197044335,
            "max": 0.9898255813953488,
            "count": 20
        },
        "AgentBehavior.Environment.CumulativeReward.sum": {
            "value": 2724.0,
            "min": -74.0,
            "max": 2724.0,
            "count": 20
        },
        "AgentBehavior.Policy.ExtrinsicReward.mean": {
            "value": 0.9898255813953488,
            "min": -0.3645320197044335,
            "max": 0.9898255813953488,
            "count": 20
        },
        "AgentBehavior.Policy.ExtrinsicReward.sum": {
            "value": 2724.0,
            "min": -74.0,
            "max": 2724.0,
            "count": 20
        },
        "AgentBehavior.Losses.PolicyLoss.mean": {
            "value": 0.022882829659307997,
            "min": 0.02182083820148061,
            "max": 0.02602346753080686,
            "count": 20
        },
        "AgentBehavior.Losses.PolicyLoss.sum": {
            "value": 0.11441414829653998,
            "min": 0.09440225711247573,
            "max": 0.1301173376540343,
            "count": 20
        },
        "AgentBehavior.Losses.ValueLoss.mean": {
            "value": 0.00835447943614175,
            "min": 0.00835447943614175,
            "max": 0.04494836640078574,
            "count": 20
        },
        "AgentBehavior.Losses.ValueLoss.sum": {
            "value": 0.04177239718070874,
            "min": 0.04177239718070874,
            "max": 0.17979346560314297,
            "count": 20
        },
        "AgentBehavior.Policy.LearningRate.mean": {
            "value": 1.6655734448120003e-05,
            "min": 1.6655734448120003e-05,
            "max": 0.000284592005136,
            "count": 20
        },
        "AgentBehavior.Policy.LearningRate.sum": {
            "value": 8.327867224060002e-05,
            "min": 8.327867224060002e-05,
            "max": 0.0012841068719644,
            "count": 20
        },
        "AgentBehavior.Policy.Epsilon.mean": {
            "value": 0.10555188000000001,
            "min": 0.10555188000000001,
            "max": 0.19486399999999998,
            "count": 20
        },
        "AgentBehavior.Policy.Epsilon.sum": {
            "value": 0.5277594000000001,
            "min": 0.5001462000000001,
            "max": 0.9280356,
            "count": 20
        },
        "AgentBehavior.Policy.Beta.mean": {
            "value": 0.000287038812,
            "min": 0.000287038812,
            "max": 0.004743713599999999,
            "count": 20
        },
        "AgentBehavior.Policy.Beta.sum": {
            "value": 0.00143519406,
            "min": 0.00143519406,
            "max": 0.021408976440000005,
            "count": 20
        },
        "AgentBehavior.IsTraining.mean": {
            "value": 1.0,
            "min": 1.0,
            "max": 1.0,
            "count": 20
        },
        "AgentBehavior.IsTraining.sum": {
            "value": 1.0,
            "min": 1.0,
            "max": 1.0,
            "count": 20
        }
    },
    "metadata": {
        "timer_format_version": "0.1.0",
        "start_time_seconds": "1631404317",
        "python_version": "3.9.5 (tags/v3.9.5:0a7dcbd, May  3 2021, 17:27:52) [MSC v.1928 64 bit (AMD64)]",
        "command_line_arguments": "C:\\Python39\\Scripts\\mlagents-learn --run-id=test03",
        "mlagents_version": "0.25.0",
        "mlagents_envs_version": "0.25.0",
        "communication_protocol_version": "1.5.0",
        "pytorch_version": "1.7.1+cpu",
        "numpy_version": "1.21.0",
        "end_time_seconds": "1631404611"
    },
    "total": 294.36423809999997,
    "count": 1,
    "self": 0.004551799999944706,
    "children": {
        "run_training.setup": {
            "total": 0.023054100000000077,
            "count": 1,
            "self": 0.023054100000000077
        },
        "TrainerController.start_learning": {
            "total": 294.3366322,
            "count": 1,
            "self": 0.7508108000027391,
            "children": {
                "TrainerController._reset_env": {
                    "total": 6.2126728,
                    "count": 1,
                    "self": 6.2126728
                },
                "TrainerController.advance": {
                    "total": 287.33334429999724,
                    "count": 50357,
                    "self": 0.35046140000025616,
                    "children": {
                        "env_step": {
                            "total": 286.982882899997,
                            "count": 50357,
                            "self": 217.73271080000183,
                            "children": {
                                "SubprocessEnvManager._take_step": {
                                    "total": 68.84550489999714,
                                    "count": 50357,
                                    "self": 1.7899979999951654,
                                    "children": {
                                        "TorchPolicy.evaluate": {
                                            "total": 67.05550690000197,
                                            "count": 41685,
                                            "self": 12.216001400004757,
                                            "children": {
                                                "TorchPolicy.sample_actions": {
                                                    "total": 54.839505499997216,
                                                    "count": 41685,
                                                    "self": 54.839505499997216
                                                }
                                            }
                                        }
                                    }
                                },
                                "workers": {
                                    "total": 0.40466719999800116,
                                    "count": 50357,
                                    "self": 0.0,
                                    "children": {
                                        "worker_root": {
                                            "total": 287.42570819999986,
                                            "count": 50357,
                                            "is_parallel": true,
                                            "self": 144.3757280999966,
                                            "children": {
                                                "steps_from_proto": {
                                                    "total": 0.000297899999999629,
                                                    "count": 1,