{
    "name": "root",
    "metadata": {
        "timer_format_version": "0.1.0",
        "start_time_seconds": "1631401952",
        "python_version": "3.9.5 (tags/v3.9.5:0a7dcbd, May  3 2021, 17:27:52) [MSC v.1928 64 bit (AMD64)]",
        "command_line_arguments": "C:\\Python39\\Scripts\\mlagents-learn --run-id=test4",
        "mlagents_version": "0.27.0",
        "mlagents_envs_version": "0.27.0",
        "communication_protocol_version": "1.5.0",
        "pytorch_version": "1.7.1+cpu",
        "numpy_version": "1.21.0",
        "end_time_seconds": "1631402018"
    },
    "total": 65.3385833,
    "count": 1,
    "self": 0.004407799999995632,
    "children": {
        "run_training.setup": {
            "total": 0.02187949999999994,
            "count": 1,
            "self": 0.02187949999999994
        },
        "TrainerController.start_learning": {
            "total": 65.312296,
            "count": 1,
            "self": 0.00013480000001209191,
            "children": {
                "TrainerController._reset_env": {
                    "total": 4.6492432,
                    "count": 1,
                    "self": 4.6492432
                },
                "TrainerController.advance": {
                    "total": 60.6304654,
                    "count": 2,
                    "self": 2.56999999876939e-05,
                    "children": {
                        "env_step": {
                            "total": 60.63041410000001,
                            "count": 2,
                            "self": 60.63039260000001,
                            "children": {
                                "SubprocessEnvManager._take_step": {
                                    "total": 8.69999999952853e-06,
                                    "count": 2,
                                    "self": 8.69999999952853e-06
                                },
                                "workers": {
                                    "total": 1.2800000000368073e-05,
                                    "count": 1,
                                    "self": 0.0,
                                    "children": {
                                        "worker_root": {
                                            "total": 0.6328521,
                                            "count": 1,
                                            "is_parallel": true,
                                            "self": 0.007418700000000555,
                                            "children": {
                                                "steps_from_proto": {
                                                    "total": 0.0002535999999997429,
                                                    "count": 1,
                                                    "is_parallel": true,
                                                    "self": 0.00010720000000041807,
                                                    "children": {
                                                        "_process_rank_one_or_two_observation": {
                                                            "total": 0.00014639999999932485,
                                                            "count": 2,
                                                            "is_parallel": true,
                                                            "self": 0.00014639999999932485
                                                        }
                                                    }
                                                },
                                                "UnityEnvironment.step": {
                                                    "total": 0.6251797999999997,
                                                    "count": 1,
                                                    "is_parallel": true,
                                                    "self": 0.0001297999999998467,
                                                    "children": {
                                                        "UnityEnvironment._generate_step_input": {
                                                            "total": 4.779999999993123e-05,
                                                            "count": 1,
                                                            "is_parallel": true,
                                                            "self": 4.779999999993123e-05
                                                        },
                                                        "communicator.exchange": {
                                                            "total": 0.6247635999999996,
                                                            "count": 1,
                                                            "is_parallel": true,
                                                            "self": 0.6247635999999996
                                                        },
                                                        "steps_from_proto": {
                                                            "total": 0.00023860000000031079,
                                                            "count": 1,
                                                            "is_parallel": true,
                                                            "self": 9.930000000046846e-05,
                                                            "children": {
                                                                "_process_rank_one_or_two_observation": {
                                                                    "total": 0.00013929999999984233,
                                                                    "count": 2,
                                                                    "is_parallel": true,
                                                                    "self": 0.00013929999999984233
                                                                }
                                                            }
                                                        }
                                                    }
                                                }
                                            }
                                        }
                                    }
                                }
                            }
                        },
                        "trainer_advance": {
                            "total": 2.5599999999847967e-05,
                            "count": 1,
                            "self": 1.76000000005061e-05,
                            "children": {
                                "process_trajectory": {
                                    "total": 7.999999999341867e-06,
                                    "count": 1,
                                    "self": 7.999999999341867e-06
                                }
                            }
                        }
                    }
                },
                "TrainerController._save_models": {
                    "total": 0.032452599999999165,
                    "count": 1,
                    "self": 0.005504899999991153,
                    "children": {
                        "RLTrainer._checkpoint": {
                            "total": 0.026947700000008012,
                            "count": 1,
                            "self": 0.026947700000008012
                        }
                    }
                }
            }
        }
    }
}